,0,1,2
0,0.0526378859444049,0.059585973810579,0.0526378859444049
1,0.0395133479151046,0.0498792821736164,0.0395133479151046
2,0.0433557750357693,0.0425218676218569,0.0433557750357693
3,0.0452952849466676,0.0455519218117093,0.0455519218117093
4,0.0323663793842899,0.0319459111565273,0.0323663793842899
5,0.0409353763538574,0.0411132282953105,0.0409353763538574
6,0.0188539628827669,0.0191593479876522,0.0188539628827669
7,0.0428268935344893,0.0444902568711692,0.0444902568711692
8,0.024822916266546,0.0245676574996316,0.0245676574996316
9,0.0469419007605959,0.0473381135205128,0.0469419007605959
10,0.0289003056147672,0.0297094877276427,0.0297094877276427
11,0.010026661946888,0.0111292443724536,0.010026661946888
12,0.0330077121220881,0.0428428478223799,0.0428428478223799
13,0.0167029623190529,0.0169302958137835,0.0167029623190529
14,0.0072513066645492,0.0069134213110096,0.0072513066645492
15,0.0478299993732727,0.0446642273543462,0.0446642273543462
16,0.0263257282622172,0.0273409701021323,0.0273409701021323
17,0.0219157516011036,0.0219783115502746,0.0219783115502746
18,0.0251136607052978,0.0253513020759274,0.0253513020759274
19,0.0091438762254224,0.0089534946282232,0.0091438762254224
20,0.0024942691337726,0.0025074643093038,0.0024942691337726
21,0.001089365462557,0.0011551247552169,0.001089365462557
22,0.0002097528388782,0.0004309208711925,0.0002097528388782
23,0.0009848199823973,0.0015992786439084,0.0009848199823973
24,4.315615420613658e-05,7.948188961352132e-05,4.315615420613658e-05
25,0.0010416905380712,0.0014272187892323,0.0010416905380712
26,0.0009111759375922,0.076775632370216,0.0009111759375922
27,0.0002029630939994,0.0073460643908838,0.0002029630939994
28,0.0009007636534343353,0.0032742328086601,0.0009007636534343353
29,0.0034748209031459,0.0063206528402542,0.0034748209031459
30,0.0005376858864783,0.0072946272184561,0.0005376858864783
31,0.0008081610859964,0.0010309307838665,0.0008081610859964
32,0.0149825254000919,0.0091893224553713,0.0091893224553713
33,0.0003613942470524,0.0011463363434845,0.0003613942470524
34,0.0003327763468414,0.012353592371665,0.0003327763468414
35,0.0068616243115443,0.2203297679980017,0.0068616243115443
36,3.014064385778621e-05,4.7354391914858606e-05,4.7354391914858606e-05
37,0.0006030637826863,0.0006791090107774,0.0006030637826863
38,0.0041795588772247,0.5109568681092534,0.0041795588772247
39,9.817678197722787e-05,0.0002153814850178,9.817678197722787e-05
40,0.0009335517274151,0.001522401007622,0.0009335517274151
41,5.110896147889385e-05,4.393783277260226e-05,5.110896147889385e-05
42,0.0903194136650124,0.5877330733982633,0.0903194136650124
43,0.0025170765606422,0.0031128376205396,0.0025170765606422
44,0.0031038700021283,0.0048259360615423,0.0031038700021283
45,0.0001001859000135,0.0009928083046288,0.0001001859000135
46,0.015913106584376,0.0171078006724286,0.0171078006724286
47,0.0011738520285222,0.0017324296012003,0.0011738520285222
48,0.022962829970501,0.0234596071311878,0.0234596071311878
49,0.0002792016099032,0.000237776534682,0.000237776534682
50,0.0829657476530088,0.028698587591616,0.028698587591616
51,0.0010871567451769,0.0041081620563796,0.0010871567451769
52,0.001099794521421,0.0049078823173006,0.001099794521421
53,0.0002204582073872,0.0003442886801212,0.0002204582073872
54,0.0004522367384572,0.0159585062346377,0.0004522367384572
55,0.0009203834011665,0.0067286871496252,0.0009203834011665
56,0.0008387326304047,0.0009970894720422,0.0008387326304047
57,0.0006546073813739,0.0014213398406762,0.0006546073813739
58,0.0212772418682531,0.0237984484610844,0.0212772418682531
59,0.0122429551237508,0.0176833586693446,0.0122429551237508
60,0.0139240020408537,0.0144120668187212,0.0139240020408537
61,0.0162277839638509,0.0327706216040715,0.0162277839638509
62,0.014317179820101,0.0127743844755987,0.014317179820101
63,0.0146767554104508,0.0154595181429499,0.0146767554104508
64,,,
65,,,
66,,,
67,,,
68,0.0028908851078422,0.0029551874216581,0.0028908851078422
69,0.0158041899231231,0.0190040300402508,0.0158041899231231
70,0.0002283845794034,0.0002172136859661,0.0002172136859661
71,0.0002211066275136,0.0001761791914826,0.0001761791914826
72,4.9655943753257575e-05,0.0001276109738357,4.9655943753257575e-05
73,0.0008475418373007,0.0416321730398464,0.0008475418373007
74,3.859387131802187e-06,6.791525828635811e-05,3.859387131802187e-06
75,0.0003908678525201,0.0010475820683058,0.0003908678525201
76,8.493015439376156e-05,0.0002981615751447,8.493015439376156e-05
77,7.209173200589267e-05,0.0004087181207133,7.209173200589267e-05
78,5.018576129650928e-05,0.0001448934962302,5.018576129650928e-05
79,0.0002685070023105,0.0004866976400748,0.0002685070023105
80,0.0044937600666171,0.008127472747392,0.0044937600666171
81,0.0001419165741686,0.0003681512905886,0.0001419165741686
82,0.0003012009887136,0.0007878642608192,0.0003012009887136
83,0.00028057078618,0.0006536508218236,0.00028057078618
84,0.0001665667779647,0.0005153759007224,0.0001665667779647
85,0.0078380290213257,0.0107858623505318,0.0078380290213257
86,3.274128403518675e-05,0.0002356982260704,3.274128403518675e-05
87,0.0001219252669651,0.0005883389034408,0.0001219252669651
88,0.0003772680907626,0.0003291638716765,0.0003291638716765
89,7.929690153334482e-05,8.367889429944353e-05,7.929690153334482e-05
90,7.559776857747947e-05,0.0005728817240801,7.559776857747947e-05
91,3.1826493734951744e-05,0.0001420588083938,3.1826493734951744e-05
92,0.0002255141679461,0.0017781806298165,0.0002255141679461
93,0.0002043665823514,0.0003768405719851,0.0002043665823514
94,5.778873908190996e-05,0.0001302522137163,5.778873908190996e-05
95,0.0006280373474948,0.0011310311169012,0.0006280373474948
96,0.0035686598584547,0.005374705126644,0.0035686598584547
97,0.0145248715988629,0.0196139390150515,0.0145248715988629
98,0.0458719046818108,0.0754339297584227,0.0458719046818108
99,8.632612696977625e-05,0.0003331983386913,8.632612696977625e-05
100,0.0003969724539376,0.0034077267069611,0.0003969724539376
101,0.0001029772556407,0.0003510832697485,0.0001029772556407
102,9.486696614112976e-05,0.0006381525413333,9.486696614112976e-05
103,6.0523975216872144e-05,0.0004658813024172,6.0523975216872144e-05
104,0.0010144070279058,0.0018101277800782,0.0010144070279058
105,8.202777091968867e-05,0.0004038967551107,8.202777091968867e-05
106,0.0059836793509762,0.0041870066246895,0.0059836793509762
107,0.0053778208709427,0.002797271786877,0.002797271786877
108,0.0232622710192058,0.0337797800633314,0.0232622710192058
109,0.0002189859395682,0.0004869724918952,0.0002189859395682
110,0.0001947122203038,0.0011457578019486,0.0001947122203038
111,0.000321338601137,0.0005005591050947,0.000321338601137
112,0.0004768015182979,0.0003757195087513,0.0003757195087513
113,9.09090691238642e-05,4.280295996848349e-05,9.09090691238642e-05
114,3.402486431842162e-05,0.0001760257941863,3.402486431842162e-05
115,0.0088956791932259,0.0129994240600433,0.0088956791932259
116,0.0208848017605493,0.0188267871427529,0.0208848017605493
117,0.0003188183866604,0.001668701753851,0.0003188183866604
118,5.266882480510493e-05,0.000247858485083,5.266882480510493e-05
119,0.0009347590660605,0.0025020667836748,0.0009347590660605
120,0.0002609132882447,0.0004239851039582,0.0002609132882447
121,4.010689777152745e-05,0.0008248270292715,4.010689777152745e-05
122,0.000727151788127,0.0018036489265776,0.000727151788127
123,0.0002964493171677,0.0010500943827881,0.0002964493171677
124,7.179069441043932e-05,0.000113714183706,7.179069441043932e-05
125,0.000675925779077,0.0011878270131146,0.000675925779077
126,0.003088547233288,0.0033747653256518,0.003088547233288
127,8.61120256308817e-05,0.0007179120783713,8.61120256308817e-05
128,0.0001411853350913,0.0007623437465255,0.0001411853350913
129,0.0002841061040671,0.0008045856368827,0.0002841061040671
130,0.0002819700555867,0.0012850680506911,0.0002819700555867
131,2.399653785151856e-05,0.0002389674507104,0.0002389674507104
132,2.8229354598976007e-05,7.71493324948284e-05,2.8229354598976007e-05
133,0.0137715242561028,0.0157819885075489,0.0137715242561028
134,0.0290069341842452,0.0319093690485674,0.0290069341842452
135,0.0019361717716791,0.0047804640454511,0.0019361717716791
136,0.0208068903887248,0.0181317138175607,0.0181317138175607
137,0.0218154062713526,0.0168056522833368,0.0168056522833368
138,0.0176568822916151,0.008958535584375,0.008958535584375
139,0.013140491686331,0.011145630376411,0.013140491686331
140,0.0184578871556832,0.0140837769654373,0.0140837769654373
141,0.0208541884364328,0.0094754767183387,0.0094754767183387
142,,,
143,,,
144,0.019414556207838,0.0095380893284159,0.0095380893284159
145,0.0012157239657078,0.004456439796481,0.0012157239657078
146,0.0014494391431569,0.0023980459547712,0.0023980459547712
147,0.0008123246902941,0.0058166349676148,0.0008123246902941
148,0.0018031319535697,0.0010762237380512,0.0010762237380512
149,0.0004201013498579,0.0043122557576849,0.0004201013498579
150,0.0035040943350802,0.0027470024354089,0.0035040943350802
151,0.0038598465016892,0.0013299788469989,0.0013299788469989
152,0.0002826256623739,0.0019745134998202,0.0002826256623739
153,5.902753245899823e-05,0.0008582292265638,5.902753245899823e-05
154,8.993224316134525e-05,0.0007692492349892,8.993224316134525e-05
155,0.0002058207445226,0.0004391911424012,0.0002058207445226
156,0.0001205721857072,0.0009973626136839,0.0001205721857072
157,,,
158,0.0004051841424393,0.00037540385145,0.00037540385145
159,0.0002025329259776,0.0005728544047977,0.0002025329259776
160,0.0010042714758942,0.0010747316452427,0.0010042714758942
161,0.0008152375537124,0.0017898506822398,0.0008152375537124
162,,,
163,,,
164,0.000359642184322,0.0002883033644918,0.0002883033644918
165,0.0039058526821314,0.0068564936659387,0.0039058526821314
166,0.0567670822762111,0.0543114847359107,0.0567670822762111
167,0.1202497963635402,0.10273335217289774,0.10273335217289774
168,0.0127762812649297,0.0167164566280415,0.0127762812649297
169,0.0046747584473378,0.0096506202472328,0.0096506202472328
170,0.0046946375260905,0.014063589133444,0.0046946375260905
171,0.0140488063999203,0.009922188694606,0.009922188694606
172,0.0025817672324253,0.0034507533371382,0.0025817672324253
173,,,
174,,,
175,0.0064494822611778,0.016373346750674,0.0064494822611778
176,0.0008898073308654,0.0005823798853164,0.0005823798853164
177,0.0017209910300218,0.0030283370483845,0.0030283370483845
178,0.0008264891220245,0.0002026608131432,0.0002026608131432
179,,,
180,,,
181,,,
182,5.719654643089786e-05,0.0001297138365017,5.719654643089786e-05
183,0.002831174805685,0.0025768716406351,0.002831174805685
184,0.0013654715252753,0.0030515601740393,0.0013654715252753
185,0.0005410208038916,0.0016819931678716,0.0005410208038916
186,0.0004039648187281,0.0007518979444257,0.0004039648187281
187,0.0009501646014431,0.0047815644374069,0.0047815644374069
188,,,
189,,,
190,,,
191,,,
192,0.0768368115065255,0.1264298950351423,0.0768368115065255
193,0.0683091690158917,0.0717066348547255,0.0683091690158917
194,0.056081525584857,0.0581506123176898,0.056081525584857
195,,,
196,,,
197,0.0725192308497028,0.1297289601246934,0.0725192308497028
198,0.05680298152301,0.0881190729188883,0.05680298152301
199,0.0883508340685663,0.0922083432190787,0.0883508340685663
200,0.0001937744896193,0.0006692957218892,0.0001937744896193
201,0.0001593733952567,0.000434431450557,0.0001593733952567
202,6.644079743433152e-05,0.0001944786493167,6.644079743433152e-05
203,0.000645843682886,0.0073882586501574,0.000645843682886
204,0.0001262875449005,0.0006743418809409,0.0001262875449005
205,0.0004650336200227,0.0007259596676706,0.0004650336200227
206,,,
207,0.0036500267000709,0.0041731602555713,0.0041731602555713
208,0.0001655554425157,0.0006214920566473,0.0001655554425157
209,0.0001983259482404,0.0007631453898476,0.0001983259482404
210,0.0003870701401494,0.0024266782866824,0.0003870701401494
211,,,
212,,,
213,0.0002643800048892,0.0012412169649965,0.0002643800048892
214,0.0003429969081653,0.0027991701740395,0.0003429969081653
215,8.335015115261677e-05,0.0004216563285887,8.335015115261677e-05
216,6.193721595084671e-05,0.0010939999936504,6.193721595084671e-05
217,,,
218,,,
219,0.0001317855150041,0.0012837543839197,0.0001317855150041
220,0.0026471763673725,0.001277947591754,0.001277947591754
221,0.004161376219624,0.0028096876548037,0.0028096876548037
222,0.0008221392530283,0.0023505014728042,0.0008221392530283
223,0.0007765878867084,0.0094309487916969,0.0007765878867084
224,,,
225,,,
226,0.0009885320607512,0.0013925313112069,0.0009885320607512
227,0.0016364829472349,0.00388865433201,0.0016364829472349
228,0.0027213982303425,0.0049641049233045,0.0027213982303425
229,0.0013237957409236,0.0017172015962222,0.0013237957409236
230,0.0036129515638042,0.007542607966811,0.0036129515638042
231,0.0033913944154039,0.0092852937596222,0.0033913944154039
232,0.0016556429709686,0.005045998776825,0.0016556429709686
233,,,
234,0.0028968856827028,0.0062944286566345,0.0028968856827028
235,0.0033626763042118,0.0082253323485289,0.0033626763042118
236,0.0044876606584823,0.0119749166507084,0.0044876606584823
237,0.0473290197875185,0.0336642656648173,0.0336642656648173
238,0.0128510246877425,0.0110007061684416,0.0110007061684416
239,,,
240,,,
241,0.0089683511617584,0.0162237335972162,0.0089683511617584
242,0.0459258584952031,0.0450091119367519,0.0450091119367519
243,0.0854223874913415,0.0862447186698545,0.0862447186698545
244,0.0733433349233299,0.0750367318158217,0.0733433349233299
245,0.1023718025214265,0.0898011712653892,0.0898011712653892
246,,,
247,,,
248,,,
249,,,
250,,,
251,,,
252,0.1066574569782923,0.1303919789276041,0.1066574569782923
253,0.000172953032276,0.0019387750888697,0.000172953032276
254,0.0003194647912455,0.0013035294465132,0.0003194647912455
255,0.0008760567682992,0.0008344822854495,0.0008760567682992
256,0.0003148590187202,0.0006306220897067,0.0003148590187202
257,0.0001438265441091,0.0012450154265647,0.0001438265441091
258,0.0005051547264292,0.0021381414554854,0.0005051547264292
259,0.0011063095594472,0.0015957158100055,0.0011063095594472
260,,,
261,,,
262,,,
263,,,
264,0.000229165101646,0.0019648969220881,0.000229165101646
265,0.0001854553560537,0.0011711572200988,0.0001854553560537
266,0.0006082566584898,0.0010271863035028,0.0006082566584898
267,,,
268,,,
269,0.0007929824395081,0.0042782769754282,0.0007929824395081
270,0.0001249357443994,0.0006570309467008,0.0001249357443994
271,0.0002294436021208,0.0020878282970648,0.0002294436021208
272,0.0010597483734202,0.0007390446160966,0.0010597483734202
273,0.0012608915665109,0.00130117975761,0.0012608915665109
274,0.0001381932257597,0.0015383233901884,0.0001381932257597
275,0.0002130795180962,0.0031203277853735,0.0002130795180962
276,0.0001165471974286,0.0017498524946435,0.0001165471974286
277,0.0006511696584362,0.0028629515196758,0.0006511696584362
278,0.0002754459187133,0.0006196238296086,0.0002754459187133
279,0.0004061811649036,0.0021661176459829,0.0004061811649036
280,,,
281,,,
282,0.0005598365338828,0.0020322400609032,0.0005598365338828
283,0.0006608933810304,0.0012394456207133,0.0006608933810304
284,8.21796859217229e-05,0.0002296809660474,8.21796859217229e-05
285,0.0003733018804461,0.000708244267577,0.0003733018804461
286,0.0008478358385549,0.000998643318174,0.0008478358385549
287,,,
288,0.0002225541320188,0.0001476703096024,0.0001476703096024
289,0.0007049376667284,0.0010728934809803,0.0007049376667284
290,0.0899563681475617,0.1349861787318578,0.0899563681475617
291,0.0806913496115499,0.0800268061300966,0.0806913496115499
292,0.0942140815599211,0.097459262614438,0.0942140815599211
293,0.0928109260152966,0.1851312369081624,0.0928109260152966
294,,,
295,,,
296,,,
297,,,
298,0.0757838468742684,0.1240724879688396,0.0757838468742684
299,0.0646666183132188,0.0756685868330536,0.0646666183132188
300,0.08974391254779034,0.09107943559976901,0.08974391254779034
301,0.0167845857108895,0.0265328220361544,0.0167845857108895
302,0.0080115990426314,0.0280760609173828,0.0080115990426314
303,0.028956127514518377,0.01598918217312058,0.01598918217312058
304,,,
305,,,
306,,,
307,0.0211024245257916,0.0214619369465988,0.0211024245257916
308,0.0001859178313707,0.000551125655152,0.0001859178313707
309,5.4786659772280416e-05,0.000827144733028,5.4786659772280416e-05
310,0.0001360785533266,0.0011307105336901,0.0001360785533266
311,6.931082251972018e-05,0.0020022125575262,6.931082251972018e-05
312,0.0001565217001731,0.000964081021406,0.0001565217001731
313,0.0002299631913448,0.0008261439800386,0.0002299631913448
314,0.0049386768472231,0.0505548068259394,0.0049386768472231
315,0.0001147033869038,0.001262100325771,0.0001147033869038
316,0.0004225383848834,0.0026240757242198,0.0004225383848834
317,0.0004182241179864,0.00026839763938,0.0004182241179864
318,0.0002112379824234,0.0005222758795784,0.0002112379824234
319,,,
320,,,
321,,,
322,,,
323,0.0013476979805903,0.0011025356549427,0.0011025356549427
324,0.0019972063356087,0.0009362508915431,0.0009362508915431
325,0.000531535875898,0.0003356286195271,0.0003356286195271
326,0.0009719684829758,0.0191600409865543,0.0009719684829758
327,0.0006722149468746,0.0007500931596617,0.0006722149468746
328,0.0005960825727349,0.0011339976192687,0.0005960825727349
329,,,
330,,,
331,0.0003155454796366,0.01523144573026,0.0003155454796366
332,0.0003957682958008,0.0011465893961599,0.0003957682958008
333,0.0002644271554207,0.0015783054298621,0.0002644271554207
334,0.0002046117083769,0.0003029429497409,0.0002046117083769
335,0.0003098869279811,0.0005864819334341,0.0003098869279811
336,0.0002114888932073,0.0001899915261598,0.0002114888932073
337,0.0001864923815278,0.0003859514394354,0.0001864923815278
338,0.0001510684786267,9.376929157823468e-05,0.0001510684786267
339,0.0001150253524533,0.0004836206825043,0.0001150253524533
340,5.9622987291858015e-05,0.0006196201929793,5.9622987291858015e-05
341,0.0001258937045176,0.0002734182846256,0.0001258937045176
342,0.000174129755575,0.0003525266257172,0.000174129755575
343,0.0001474434118166,0.0001582240102749,0.0001474434118166
344,0.0001752446330222,0.0010424590595845,0.0001752446330222
345,0.0001705413662608,0.0003624692595836,0.0001705413662608
346,0.0010531118190356,0.0014863536317479,0.0010531118190356
347,0.0022975603619757,0.0024237837191895,0.0022975603619757
348,9.377914542343142e-06,0.0002911552323898,9.377914542343142e-06
349,0.0001733343684185,0.0001373257351108,0.0001373257351108
350,0.0001846496696176,0.0002391822237519,0.0001846496696176
351,0.0050438002939863,0.2805687279251564,0.0050438002939863
352,0.2782307544422334,0.3519410319540043,0.2782307544422334
353,0.0001682621859306,0.0003145666031312,0.0001682621859306
354,0.0001359122406067,0.0005490130700324,0.0001359122406067
355,0.0001583583061038,0.0005939714078635,0.0001583583061038
356,5.24434982221957e-05,0.0005826095186322,5.24434982221957e-05
357,0.0001113166831746,0.0001066272289894,0.0001113166831746
358,5.229032775766784e-05,0.0015417686771086,5.229032775766784e-05
359,0.027005784619901,0.0426504010682651,0.0426504010682651
360,0.0001157367959529,0.0006980205440775,0.0001157367959529
361,0.015756059901648,0.0169393854159479,0.015756059901648
362,0.0142129770483351,0.0159645128770891,0.0142129770483351
363,0.0105061469763026,0.0114716547864449,0.0105061469763026
364,0.0139751263940242,0.0126114716851642,0.0126114716851642
365,0.0202698464548571,0.0200643583186879,0.0202698464548571
366,0.0140567532082314,0.0134437184666437,0.0140567532082314
367,0.0116642802890161,0.015738120137863,0.0116642802890161
368,,,
369,,,
370,0.0117007016537613,0.0119397865715317,0.0117007016537613
371,0.0227455805924806,0.024751632512809,0.0227455805924806
372,0.0292573103277128,0.0309709218724931,0.0292573103277128
373,0.0638417216109919,0.0634594351112,0.0638417216109919
374,0.0484488916383589,0.0570389394752906,0.0484488916383589
375,0.0950843078176871,0.0929508956508147,0.0950843078176871
376,0.0940128520690911,0.0900100717917109,0.0940128520690911
377,0.1015420201481095,0.1668528885554774,0.1015420201481095
378,0.0827492977061854,0.0815882035166147,0.0827492977061854
379,0.0817659313160402,0.0808736613904938,0.0817659313160402
380,2.2137582880426644e-06,5.662639145608991e-05,5.662639145608991e-05
381,0.0001755827271834,0.0008985339587096,0.0001755827271834
382,7.516157479106794e-05,0.0009749865649499,7.516157479106794e-05
383,0.0002493889629785,0.0001924076489042,0.0001924076489042
384,0.0001356019596295,0.0004681355734273,0.0001356019596295
385,6.161912766824493e-05,0.0006923163312075,6.161912766824493e-05
386,3.564648852754148e-05,0.0003072377259766,3.564648852754148e-05
387,4.273736738470857e-05,0.0003446405725949,4.273736738470857e-05
388,0.0165605710117846,0.0167185895135845,0.0165605710117846
389,7.742581755955243e-05,0.000262756586854,7.742581755955243e-05
390,0.0003706385992669,0.0001127211978799,0.0001127211978799
391,0.0002139373089111,0.0006567903346682,0.0002139373089111
392,0.0001298755202637,0.0008249613957275,0.0001298755202637
393,2.958485579204932e-05,7.398146109957043e-05,2.958485579204932e-05
394,8.06481355481292e-05,0.0004132312377115,8.06481355481292e-05
395,4.161561041365309e-05,0.0008684598576044,4.161561041365309e-05
396,0.0001647434783285,0.0004674263961554,0.0001647434783285
397,0.0001688813170634,0.0005647297784205,0.0005647297784205
398,9.163405248936856e-05,0.0013311387476017,9.163405248936856e-05
399,6.337824593129992e-05,0.0001570714511186,6.337824593129992e-05
400,0.0001074696748285,0.0002878890604838,0.0001074696748285
401,0.0001194657930959,0.0003007183468871,0.0001194657930959
402,0.0003193642702692,0.0003957527907687,0.0003193642702692
403,0.0006834467040458,0.0018354715304657,0.0006834467040458
404,0.0001241383247578,0.0010734424938045,0.0001241383247578
405,4.443565259533304e-05,0.0001098137849001,4.443565259533304e-05
406,0.0007126845730035,0.0007586469797611,0.0007126845730035
407,,,
408,,,
409,,,
410,0.0006685952725726,0.0085267272363109,0.0006685952725726
411,0.0002880513220607,0.0001940092710343,0.0001940092710343
412,0.0001000009726434,0.0001128614674498,0.0001000009726434
413,0.00950870458386,0.0189834487556768,0.00950870458386
414,0.0044965455457876,0.0049023951928065,0.0044965455457876
415,0.0031286516337841,0.0048011891887761,0.0031286516337841
416,0.027906216326036,0.0376733187530578,0.027906216326036
417,0.030549430239115,0.0310465249944183,0.0310465249944183
418,0.0066697223688141,0.006518058917079,0.006518058917079
419,0.0214494647879242,0.0192103103105358,0.0214494647879242
420,0.0012813575891957,0.0013069505959455,0.0012813575891957
421,0.0038830359249929,0.0036950802711461,0.0038830359249929
422,0.0042884794498883,0.0074525573288185,0.0042884794498883
423,0.0109428093812877,0.0120696157134526,0.0120696157134526
424,0.0062180550520875,0.006663199086582,0.0062180550520875
425,0.0005249212174145,0.0006393768582675,0.0005249212174145
426,,,
427,0.0002822341042135,0.0002561136329101,0.0002822341042135
428,0.0002063400986239,0.0025441388899887,0.0002063400986239
429,,,
430,0.0001238102197342,0.0001704372928939,0.0001238102197342
431,0.0002877473417258,0.0018884786903745,0.0002877473417258
432,0.0001839234561031,0.0001430940662885,0.0001839234561031
433,0.0009785899953922,0.0041025474439087,0.0009785899953922
434,0.0024897699512875,0.0024396833413026,0.0024396833413026
435,,,
436,0.0071493139898271,0.0118028621884043,0.0071493139898271
437,0.0002358100863913,0.0002500030791994,0.0002500030791994
438,0.0130464268077079,0.0121596061549296,0.0121596061549296
439,0.006296604842128,0.0079495116426417,0.006296604842128
440,0.0020461517734305,0.0019916827219076,0.0020461517734305
441,0.0008740728959609,0.000748870909802,0.0008740728959609
442,0.0035194722652101,0.0036509588065519,0.0035194722652101
443,0.0088236378264534,0.0024643756241279,0.0024643756241279
444,0.0069384167163411,0.0123455486047829,0.0069384167163411
445,0.0005050031342638,0.0058560552164473,0.0005050031342638
446,0.0001595847351096,0.0006157009203784,0.0001595847351096
447,0.0001186530273755,0.0002053561971522,0.0001186530273755
448,2.979834003806205e-05,0.0001304320428084,2.979834003806205e-05
449,0.003309726961378,0.0053808453733265,0.003309726961378
450,0.0006367213836017,0.0039882347211206,0.0039882347211206
451,4.032572845639884e-05,0.0002008734957619,4.032572845639884e-05
452,8.429424411822392e-05,0.0005558726156433,8.429424411822392e-05
453,0.0090234703861136,0.0086834875377788,0.0090234703861136
454,0.0001690495125572,0.003310401733904,0.0001690495125572
455,0.0004479567307744,0.0004789799022395,0.0004479567307744
456,0.0027755432197973,0.0052056321293377,0.0027755432197973
457,0.0001226208445484,0.0003049652645169,0.0001226208445484
458,0.0293585579920032,0.0358329187254572,0.0293585579920032
459,7.928347909912098e-05,0.0002236233605718,0.0002236233605718
460,0.0002418365891273,0.0001684306450771,0.0002418365891273
461,0.0002567762037433,0.0014310985163622,0.0002567762037433
462,0.0001780414377814,0.0006072616364187,0.0001780414377814
463,0.0023438688350054,0.0083661861661755,0.0023438688350054
464,0.0038022041958874603,0.004624769508752757,0.0038022041958874603
465,0.0066515573496008,0.0073949758742169,0.0066515573496008
466,0.0002766125349023,0.0309223375009617,0.0002766125349023
467,0.0059682502202347,0.0038981528252252,0.0038981528252252
468,0.0016952409960523,0.005401327007014,0.0016952409960523
469,0.36153189431715893,0.07025938256520436,0.07025938256520436
470,0.018136974516085105,0.01726987073685478,0.018136974516085105
471,0.0022281766950727,0.0188672681139456,0.0022281766950727
472,0.0001049189775084,0.0005821790930573,0.0001049189775084
473,0.0001801979320052,0.0013545540598267,0.0001801979320052
474,1.7762446290485582e-05,0.000198847924353,1.7762446290485582e-05
475,4.970365124963493e-05,0.0006754497028168,4.970365124963493e-05
476,2.0592545568622643e-05,2.692902734488748e-05,2.692902734488748e-05
477,5.53608322446549e-05,0.0003362645432898,0.0003362645432898
478,0.0084690204964695,0.0060041444059688,0.0060041444059688
479,0.0001604836989052,0.0007855753597484,0.0001604836989052
480,0.0005061736011783,0.0025261540519106,0.0005061736011783
481,0.0004242994548855,0.0006318890222352,0.0004242994548855
482,9.61890049271558e-06,0.0001236412766754,9.61890049271558e-06
483,0.0002470759225774,0.0004306849194679,0.0004306849194679
484,0.0002159501596918,0.0003915323020206,0.0002159501596918
485,0.0079453848482418,0.0099385226078108,0.0079453848482418
486,4.621606594686996e-05,0.0036127481453306,4.621606594686996e-05
487,0.0024967511082828,0.0037745769506948,0.0024967511082828
488,0.0006505763596356,0.0009932171599558,0.0006505763596356
489,0.0006473794781811,0.0014839565042295,0.0006473794781811
490,0.0002457667013739,0.0003498573136883,0.0002457667013739
491,0.0011293389917714,0.0023775678212612,0.0011293389917714
492,0.0008136236435462,0.0069823582712787,0.0008136236435462
493,0.0002768242750994,0.0013911429828932,0.0002768242750994
494,0.002120642207175,0.0034906051587897,0.002120642207175
495,0.0014002368811591,0.0017640439974872,0.0017640439974872
496,0.000342472301305,0.0010243556716947,0.000342472301305
497,0.0005193177632152,0.0007196513550455,0.0005193177632152
498,0.0007194306377187,0.0009261186771651,0.0007194306377187
499,0.0004800184963282,0.0018277358801005,0.0004800184963282
500,0.0311183804492141,0.0499170418450767,0.0311183804492141
501,0.0036322885109966,0.0091732319527879,0.0036322885109966
502,0.0003840775243636,0.0013932036895223,0.0003840775243636
503,3.804338946031158e-05,0.0004334618004904,3.804338946031158e-05
504,0.0001622413518387,0.0004555135751027,0.0001622413518387
505,0.0001459155861111,0.0012167961065941,0.0001459155861111
506,0.0001040839279728,0.0005692878736816,0.0001040839279728
507,0.0005825096908348,0.002487772473116,0.0005825096908348
508,4.1391966309039456e-05,4.0635310610250526e-05,4.1391966309039456e-05
509,8.110922058284184e-06,0.0002025721912453,8.110922058284184e-06
510,0.0171130018393654,0.0165871548701856,0.0165871548701856
511,0.0432777315018331,0.0526935180702145,0.0526935180702145
512,3.388134045630299e-05,5.892184855333516e-05,3.388134045630299e-05
513,0.00012706987286,0.0002392605403841,0.0002392605403841
514,6.06515864665206e-05,0.0004146591006292,6.06515864665206e-05
515,0.0006768444601831,0.0010643662306472,0.0006768444601831
516,0.0001105049415103,0.0001147087134715,0.0001105049415103
517,0.0004826655505066,0.0204032698395255,0.0004826655505066
518,6.374160142137436e-05,0.0987603694153224,6.374160142137436e-05
519,0.0010069197826252,0.0002887689950622,0.0010069197826252
520,0.0003553585236712,0.0282800382109209,0.0003553585236712
521,0.0010273590061431,0.0270736693440722,0.0010273590061431
522,4.1920137005312895e-05,0.0005589688587657,4.1920137005312895e-05
523,0.0001559267944347,0.0001973412969162,0.0001559267944347
524,0.0002325895003297,0.0005507589220702,0.0002325895003297
525,0.0003068696223563,0.0003725178711142,0.0003725178711142
526,3.9257476868803946e-05,0.0004173015457885,3.9257476868803946e-05
527,0.0001432236447194,0.0002250113260511,0.0001432236447194
528,4.50532865067272e-05,0.0012403832183434,4.50532865067272e-05
529,0.0081544900769294,0.0135233068050826,0.0081544900769294
530,0.000102280743923,0.0005300179007272,0.000102280743923
531,6.811669012431416e-05,9.55786618262542e-05,6.811669012431416e-05
532,0.0001004747533333,0.0008252638267821,0.0001004747533333
533,0.0003828815336935,0.0005248091500379,0.0005248091500379
534,9.460953186376566e-05,0.0001632781854732,0.0001632781854732
535,0.0002009608963963,7.089265396182943e-05,7.089265396182943e-05
536,8.42247252202475e-05,0.0002405645430616,8.42247252202475e-05
537,0.0084154073157309,0.0145221293011885,0.0084154073157309
538,0.0003190129024164,0.0008475305545141,0.0003190129024164
539,0.0033261233242016,0.0060602958439084,0.0033261233242016
540,0.0001780382321198,0.0006518358508731,0.0001780382321198
541,2.816786773570279e-05,0.0003743689018074,2.816786773570279e-05
542,0.0002046480034006,0.0006895000194555,0.0002046480034006
543,7.265530774640487e-05,0.0013639917519921,7.265530774640487e-05
544,0.000117931284718,0.000516974688634,0.000117931284718
545,0.0001648850685372,0.0003189232960434,0.0001648850685372
546,8.327231924082541e-05,0.0003531837627069,8.327231924082541e-05
547,3.431103303710993e-05,0.000157353653476,3.431103303710993e-05
548,2.2585197740218224e-05,0.0001381640597063,0.0001381640597063
549,7.815788454222017e-05,0.0004285404097005,7.815788454222017e-05
550,0.0001477034916658,0.0003566564881334,0.0001477034916658
551,0.0001274227860227,0.0008177025764343,0.0001274227860227
552,2.606905290022717e-05,0.0001049169209055,2.606905290022717e-05
553,0.000169309957857,0.0004735417071774,0.000169309957857
554,0.0001896599661719,0.0003854540562053,0.0001896599661719
555,0.0004995662978489,0.0010978936948059,0.0004995662978489
556,0.0001562396345547,0.0003021129237203,0.0001562396345547
557,0.0001360124800173,0.0003291298467139,0.0001360124800173
558,0.0001240725990774,0.0006237329073201,0.0001240725990774
559,4.2445639990738096e-05,0.00024157347932,4.2445639990738096e-05
560,0.0071013209328306,0.0091986841016378,0.0071013209328306
561,0.0001595612953756,0.0005366852924196,0.0001595612953756
562,6.316974207531335e-05,0.000475187285097,6.316974207531335e-05
563,0.046138293614766,0.0612110078290694,0.046138293614766
564,3.828684622348381e-05,0.0004055814550958,3.828684622348381e-05
565,0.000103847903634,0.0002400813297773,0.000103847903634
566,0.0002860116227646,0.000414901378338,0.0002860116227646
567,0.0002429644326202,0.0014111490182522,0.0002429644326202
568,1.5413294504819094e-05,7.874227034770463e-05,7.874227034770463e-05
569,3.313832718775009e-05,0.0001540080920714,3.313832718775009e-05
570,6.393389183541017e-05,0.0011600306354366,6.393389183541017e-05
571,0.0013139452512209,0.0069860790997717,0.0013139452512209
572,0.0001140905566761,0.000753245490009,0.0001140905566761
573,2.695552481586992e-05,0.0002163022142264,2.695552481586992e-05
574,0.0001620372595008,0.0003547540276928,0.0001620372595008
575,3.841335938392706e-05,0.0005004059823917,3.841335938392706e-05
576,3.3629180749423213e-05,7.442758290989845e-05,3.3629180749423213e-05
577,2.0378218125229007e-05,0.000192230538192,2.0378218125229007e-05
578,0.002781544758716,0.0036633426203338,0.002781544758716
579,0.0001815021289515,0.0001788501349083,0.0001788501349083
580,2.465748770198311e-05,6.121194318815238e-05,2.465748770198311e-05
581,6.920552625491412e-05,2.879847662305074e-05,2.879847662305074e-05
582,0.0001381896334917,0.0010017355167904,0.0001381896334917
583,0.0003988910452035,0.0016581319180582,0.0003988910452035
584,0.0285241262630399,0.0286386128405655,0.0285241262630399
585,0.0001726272075994,8.121727981240681e-05,0.0001726272075994
586,7.148833228552538e-05,0.0001894981988449,7.148833228552538e-05
587,0.0066103005523307,0.0084967021118657,0.0066103005523307
588,0.0063163098080179,0.0093042373571939,0.0063163098080179
589,0.0001915349749467,0.0013781965360063,0.0001915349749467
590,0.0001031296381983,0.0007380677704007,0.0001031296381983
591,0.0016879778198461,0.0047446709474472,0.0016879778198461
592,0.0002863346899128,0.000394099603051,0.0002863346899128
593,0.0001244624904191,0.0055028393633562,0.0001244624904191
594,0.0180702974476238,0.0221970217163388,0.0180702974476238
595,0.0002680809861918,0.0014770616855386,0.0002680809861918
596,0.0003899910143609,4.962687938691984e-05,4.962687938691984e-05
597,,,
598,,,
599,,,
600,,,
601,,,
602,,,
603,,,
604,,,
605,0.0017784468127543,0.0022867923479109,0.0017784468127543
606,,,
607,,,
608,,,
609,,,
610,0.0182421411220758,0.0566095611619822,0.0182421411220758
611,,,
612,0.0170507809391835,0.0076112269440342,0.0170507809391835
613,,,
614,0.0054668815003429,0.0223292096211641,0.0054668815003429
615,,,
616,,,
617,,,
618,0.0049547214182535,0.0061427548832729,0.0049547214182535
619,0.0102627960476706,0.0113877112545459,0.0102627960476706
620,,,
621,0.0054230435941609,0.0063574227627668,0.0054230435941609
622,,,
623,0.0005467360465181,0.001008814471536,0.001008814471536
624,0.0001873833980813,0.000896027571944,0.0001873833980813
625,0.0205344343676805,0.0266622256352909,0.0205344343676805
626,0.0600894236365769,0.0868381064762905,0.0600894236365769
627,0.0526285982465056,0.0701014536238371,0.0526285982465056
628,0.0202653448142927,0.0293866728873796,0.0202653448142927
629,,,
630,,,
631,,,
632,,,
633,0.0067091336998809,0.0051396174978114,0.0051396174978114
634,0.0007212885281244,0.0011196506769758,0.0007212885281244
635,0.0039307433585704,0.0029444593373441,0.0039307433585704
636,0.0023110519487936,0.0016744009128252,0.0016744009128252
637,0.0051620086060949,0.0055459083596751,0.0051620086060949
638,8.564494875649891e-05,0.0003117887358192,8.564494875649891e-05
639,0.0067476162001121,0.0090786829332706,0.0067476162001121
640,,,
641,0.0003818402043176,0.0005120362293373,0.0003818402043176
642,1.7936398351274986e-05,0.0001627014642656,1.7936398351274986e-05
643,0.0002375122785217,0.0003790741548916,0.0002375122785217
644,0.0009459016177655,0.0006939133104669,0.0006939133104669
645,0.0002651148191715,0.0014010150077979,0.0002651148191715
646,0.000218936997095,0.0003273239679606,0.000218936997095
647,0.0040952689726691,0.0041002790560515,0.0041002790560515
648,,,
649,0.0047018236014476,0.0050176630888293,0.0047018236014476
650,,,
651,0.0013495732653256,0.001896313137989,0.0013495732653256
652,0.001714766596836,0.0047702879686757,0.001714766596836
653,0.0116501047994181,0.0114824694196134,0.0116501047994181
654,0.0063023211308602,0.0072875793470521,0.0063023211308602
655,9.494795861644542e-06,3.303694613770402e-05,9.494795861644542e-06
656,0.01935292660301829,0.020650046406426502,0.01935292660301829
657,0.000126639622609,0.001400932379576,0.000126639622609
658,0.000243416057603,0.0001160087260848,0.0001160087260848
659,0.0010967605928419,0.0016787218620637,0.0010967605928419
660,0.0035974993676199,0.003579877281954,0.0035974993676199
661,0.0062579697542508,0.0056996552463834,0.0062579697542508
662,0.0240560977593888,0.0342282949304535,0.0240560977593888
663,0.0070700406251676,0.0315631797542458,0.0070700406251676
664,0.0005590117309834,0.0009805827058516,0.0005590117309834
665,0.0006667813737599,0.0013217693065861,0.0006667813737599
666,0.0003292397129206,0.0005236022669378,0.0003292397129206
667,0.0003690150230513,0.0002910130646313,0.0003690150230513
668,0.0012188620374079,0.0025388544512044,0.0012188620374079
669,0.0240749012025658,0.0274496126010744,0.0240749012025658
670,0.0053147230773675,0.0069140758785629,0.0053147230773675
671,0.0009985566926236,0.0016598374411654,0.0009985566926236
672,0.0008749320569283,0.0547279305215688,0.0008749320569283
673,0.0017038689703633,0.0091461158789672,0.0017038689703633
674,0.0089488127728325,0.0103923872922898,0.0089488127728325
675,0.0348454729460826,0.0359048668694998,0.0348454729460826
676,0.0132930866122451,0.0106006131613931,0.0132930866122451
677,0.0111537224447412,0.0121957707199273,0.0111537224447412
678,,,
679,0.0037969448336469,0.0045561012155832,0.0037969448336469
680,,,
681,0.0057598969648727,0.0081293607094406,0.0057598969648727
682,0.0002120188881795,0.0003044038982153,0.0002120188881795
683,0.0341736994604172,0.0429349198245378,0.0341736994604172
684,0.0152666474178587,0.0467333028946044,0.0152666474178587
685,0.000772787475507,0.0006812913527546,0.000772787475507
686,0.0030789004689815,0.0041502272615925,0.0030789004689815
687,0.0108950684429925,0.0172405727245867,0.0108950684429925
688,0.0008049104659536,0.0011211448080177,0.0008049104659536
689,0.0119018944195861,0.0155129975179041,0.0119018944195861
690,0.0012638324715556,0.0021539490133443,0.0012638324715556
691,0.0020406908745628,0.0079174072856393,0.0020406908745628
692,0.0056993115377712,0.0066791455089977,0.0056993115377712
693,0.0080506583191491,0.0332900696340832,0.0080506583191491
694,0.0668865317874073,0.0621488450885241,0.0621488450885241
695,0.0084412390732366,0.0142044787694005,0.0084412390732366
696,0.0089184577028717,0.0061479885474966,0.0089184577028717
697,0.0199996861967601,0.0150032560516518,0.0199996861967601
698,0.0009128198190689,0.0011402810713078,0.0009128198190689
699,0.0145852292438536,0.0186460792923899,0.0145852292438536
700,0.0191558287583065,0.0197080466098625,0.0197080466098625
701,0.0219651535116297,0.0251400748983282,0.0219651535116297
702,0.0056465124724803,0.005176181376128,0.005176181376128
703,0.0219443816071736,0.0220394970759199,0.0220394970759199
704,0.0211246226731507,0.0239530872412701,0.0211246226731507
705,0.0203404366819168,0.0199412658214201,0.0203404366819168
706,0.026555676935708,0.0293998115670048,0.0293998115670048
707,0.0179153965736669,0.0170631831016088,0.0179153965736669
708,0.0173605401299463,0.0199638993877534,0.0173605401299463
709,0.0142267743384585,0.015805084239119,0.015805084239119
710,0.012675363973735,0.0146678367214835,0.012675363973735
711,0.0297627758170798,0.0296258137602707,0.0297627758170798
712,0.0163457943465359,0.0246897623892995,0.0163457943465359
713,,,
714,0.009884496003713937,0.013931798812231283,0.009884496003713937
715,0.0175008623894847,0.0181017513749812,0.0175008623894847
716,0.0154522350119048,0.0182126588533184,0.0154522350119048
717,0.016749024958083,0.0463747645550874,0.016749024958083
718,0.0256757939027516,0.0902189720223534,0.0256757939027516
719,0.0024004283416776,0.002728655375173,0.0024004283416776
720,0.0004229304718386,0.0004640431137428,0.0004640431137428
721,0.0012245181888476,0.0013995320033645,0.0012245181888476
722,0.0028273497174135,0.0027633987466116,0.0028273497174135
723,0.0039009373109447,0.004566094510615,0.0039009373109447
724,,,
725,0.0014731077621636,0.0014776288463143,0.0014776288463143
726,0.0024543470918614,0.0024874453993245,0.0024874453993245
727,0.0025991756805662,0.0026352025293788,0.0025991756805662
728,0.0012828247103455,0.001290575460875,0.0012828247103455
729,0.0018343488936678,0.0018392759557341,0.0018392759557341
730,7.519990589301922e-05,8.903222892840786e-05,7.519990589301922e-05
731,0.0143259198978231,0.0146098097289043,0.0143259198978231
732,0.0231992816005183,0.034895026055865,0.0231992816005183
733,0.0033108210030979,0.0037079464735971,0.0033108210030979
734,0.020792410123559,0.0281766673680095,0.020792410123559
735,0.0284239999787704,0.0292241690892573,0.0284239999787704
736,0.0018854788017634,0.0024002157509726,0.0018854788017634
737,0.034368995601027,0.0336906201415994,0.0336906201415994
738,0.0361692159561377,0.0398638894262978,0.0361692159561377
739,0.0061257941498889,0.0112320898789669,0.0061257941498889
740,0.0174748918885517,0.0177659742195178,0.0174748918885517
741,0.0172874390164476,0.015819869735016,0.0172874390164476
742,0.0289934851384857,0.028757903426663,0.0289934851384857
743,0.0099051005838465,0.0111575814847776,0.0099051005838465
744,0.0080472689462533,0.0092546633943781,0.0080472689462533
745,0.0076966637408585,0.0154345752174496,0.0076966637408585
746,0.0050911731685609,0.0055015272684999,0.0050911731685609
747,0.0013964283407679,0.0013427652547197,0.0013964283407679
748,0.0056707457577416,0.0066872070538684,0.0056707457577416
749,0.0057836730649076,0.007029652954504,0.0057836730649076
750,0.0014069200667181,0.001229660014531,0.001229660014531
751,0.0021757149497828,0.00256503502405,0.00256503502405
752,0.0002991105410693,0.0003563882071532,0.0002991105410693
753,0.0021479216899163,0.0021962184635528,0.0021479216899163
754,0.0015471118703314,0.0021723553958602,0.0015471118703314
755,0.001532697423276,0.0026017415322833,0.001532697423276
756,0.000847472263749,0.0009747338427594,0.000847472263749
757,0.0003610038708039,0.0005218547865648,0.0003610038708039
758,0.0001652945706472,0.0003452088609177,0.0001652945706472
759,0.0008973618583579,0.0008516555942477,0.0008973618583579
760,6.240627399846202e-05,6.565294510684419e-05,6.240627399846202e-05
761,3.819192254571402e-05,0.0012783815325439,3.819192254571402e-05
762,0.0015557226853814,0.0077852745986861,0.0015557226853814
763,0.0015672396352144,0.0054861014717779,0.0015672396352144
764,0.0005184700765892,0.0004710999042968,0.0005184700765892
765,0.0006967974339838,0.0104653966943561,0.0006967974339838
766,0.0002719145360549,0.0006781610218764,0.0002719145360549
767,0.0008098876567758,0.0004649336964938,0.0004649336964938
768,0.00040388290055,0.2938525248494241,0.00040388290055
769,0.0038530236277988,0.0050237756083747,0.0038530236277988
770,0.0044973723280193,0.0045281599193405,0.0045281599193405
771,0.0214785047757894,0.0265512480284621,0.0214785047757894
772,0.0115876939858063,0.0120348142386625,0.0115876939858063
773,0.0116640861275853,0.0115069340764259,0.0116640861275853
774,0.0189703033592131,0.0195796708551152,0.0189703033592131
775,0.0057466744135184,0.0078086586645835,0.0057466744135184
776,0.0135865449963024,0.0148602473348958,0.0135865449963024
777,0.0171381815592798,0.0516521714513081,0.0171381815592798
778,0.0318058981534694,0.0321809783853691,0.0318058981534694
779,0.0012898153252685,0.0018126233769538,0.0012898153252685
780,0.0043495554347707,0.0042581014700351,0.0043495554347707
781,0.0024628257324691,0.0027936106232308,0.0024628257324691
782,0.0001275204680346,0.0003455271279679,0.0001275204680346
783,0.0008526132422095,0.0012485744462324,0.0008526132422095
784,0.0027539173834544,0.003620097197026,0.0027539173834544
785,0.0016179840557904,0.0025175290100367,0.0016179840557904
786,0.0421577556189163,0.0608961032653343,0.0421577556189163
787,0.0508827136277773,0.0479172963525275,0.0479172963525275
788,,,
789,,,
790,0.0015842230616029,0.0047432569610008,0.0015842230616029
791,0.0036199466491803,0.0047679197557595,0.0036199466491803
792,0.0034982630111081,0.0052314333148425,0.0034982630111081
793,0.0172410692144688,0.0185565875798764,0.0172410692144688
794,0.0017199055244829,0.0019911213732079,0.0017199055244829
795,0.000781044563244,0.0007377947822776,0.000781044563244
796,0.002010634241639,0.0053208953005846,0.002010634241639
797,0.0024103499256412,0.002688419127428,0.0024103499256412
798,0.0131231926651056,0.0112255948416546,0.0131231926651056
799,0.0052027288242762,0.0053906012957288,0.0052027288242762
800,0.0356389539338617,0.0308494011038909,0.0356389539338617
801,0.0023386133032547,0.0023997325482036,0.0023997325482036
802,0.0040320583923974,0.0037310724386434,0.0040320583923974
803,0.0143997570739395,0.0144865299325504,0.0143997570739395
804,0.0117025943602879,0.0116157789966631,0.0117025943602879
805,0.0020832632551377,0.0057429632178752,0.0020832632551377
806,0.0076201869985647,0.0171754766318923,0.0076201869985647
807,0.0109959091948073,0.0143865346031304,0.0109959091948073
808,0.011034505251126,0.0190947005346197,0.011034505251126
809,0.0207584487351506,0.0302663203683351,0.0207584487351506
810,0.0217511329044912,0.035172683957657,0.0217511329044912
811,0.0138358203134648,0.014461765407975,0.0138358203134648
812,0.0055850680266692,0.005702451048395,0.0055850680266692
813,0.005551611683616,0.0061472779078893,0.005551611683616
814,0.0159571338575888,0.0146498006254938,0.0159571338575888
815,0.0040791054645856,0.0045646772682483,0.0040791054645856
816,0.0055398226733803,0.0061206233641502,0.0061206233641502
817,0.0063570774967161,0.0073182713013826,0.0063570774967161
818,0.0021298733775235,0.0024335998686353,0.0021298733775235
819,0.0030747494989661,0.0035408279354624,0.0035408279354624
820,0.0071626289992193,0.0094212333058521,0.0094212333058521
821,0.0197202218139763,0.0214556154938007,0.0197202218139763
822,0.0224847586759538,0.0281925720321374,0.0224847586759538
823,0.0059022108246355,0.0064972586087371,0.0064972586087371
824,0.000363834544832,0.0002619304138436,0.0002619304138436
825,0.0001389786467902,0.0007353340691968,0.0001389786467902
826,0.0013238966415626,0.0017966491812173,0.0013238966415626
827,0.00250536408561,0.0049225689157779,0.00250536408561
828,9.022188129280624e-05,0.0003567289750026,9.022188129280624e-05
829,0.0002091998832668,0.0006211142749717,0.0002091998832668
830,0.0001021930182329,6.747541840047075e-05,0.0001021930182329
831,2.244861699039045e-05,7.828117327245679e-05,2.244861699039045e-05
832,0.0020946513445227,0.0029459191920374,0.0020946513445227
833,0.0018929305071426,0.0020110671680417,0.0018929305071426
834,0.0123157651307247,0.0101942823114954,0.0123157651307247
835,0.0040476526702977,0.0045905278785708,0.0045905278785708
836,0.0064123744435505,0.0069481802634071,0.0064123744435505
837,0.0001825591434591,0.0006437296910518,0.0001825591434591
838,0.0284541061125876,0.0238004634466663,0.0238004634466663
839,0.0008955390081676,0.0009834029319847,0.0008955390081676
840,0.0003123377731884,0.0008492888667455,0.0003123377731884
841,0.0015057885807416,0.2501445907463228,0.0015057885807416
842,0.0005374790002673,0.0013998628304787,0.0005374790002673
843,0.0001226734121227,0.0002125186122981,0.0001226734121227
844,7.857986270728744e-05,0.0001656858780793,7.857986270728744e-05
845,0.0004369124513634,0.0008587912141385,0.0004369124513634
846,0.013494321935945,0.0309633124239973,0.013494321935945
847,0.0323279090731689,0.0450727860715872,0.0323279090731689
848,0.0320825204085916,0.0485736890646181,0.0320825204085916
849,0.0136602435522788,0.0140529629699303,0.0136602435522788
850,0.0120688141872265,0.0120323966331058,0.0120323966331058
851,0.0049225916386393,0.0047974943144787,0.0049225916386393
852,0.0106557996561883,0.0114300508448692,0.0106557996561883
853,0.0146259471470571,0.0218146613155605,0.0146259471470571
854,0.0316928317023916,0.0222739943871516,0.0222739943871516
855,0.0067634273793859,0.005806348242306,0.0067634273793859
856,0.009451210092937,0.0108093006957178,0.009451210092937
857,0.0014798321308538,0.0020438068308134,0.0020438068308134
858,0.026989239955801655,0.02733510435427572,0.026989239955801655
859,0.0155406576638081,0.0160941671625283,0.0155406576638081
860,0.0359624783776574,0.0581096774044355,0.0359624783776574
861,0.0254067917159112,0.0258528866737233,0.0258528866737233
862,0.0088384133023454,0.0104623499610688,0.0088384133023454
863,0.0118590421459263,0.0105238188006625,0.0105238188006625
864,0.017356128569848715,0.018765488911083785,0.017356128569848715
865,0.0164843733080999,0.0191717524061796,0.0164843733080999
866,0.0279028796585547,0.0379448612926754,0.0279028796585547
867,0.0321385659552673,0.0312200739435193,0.0321385659552673
868,0.0304933873181549,0.055619824564931,0.0304933873181549
869,0.018668429673235,0.0181366767856447,0.0181366767856447
870,0.0064046078637262,0.0053465960637096,0.0053465960637096
871,0.0140658315752272,0.0173485151247465,0.0140658315752272
872,0.0128245201149149,0.0143612417604733,0.0128245201149149
873,0.0013126129947238,0.0015215230433172,0.0013126129947238
874,0.0031897557802083,0.00380887659254,0.0031897557802083
875,0.0027754317810762,0.0030803640340702,0.0027754317810762
876,0.0029024491856723,0.003124044025932,0.003124044025932
877,0.0037863665625307,0.0040796686677377,0.0037863665625307
878,0.0078895965674169,0.0098912825012416,0.0098912825012416
879,1.8856406078435377e-05,0.0003444690530913,1.8856406078435377e-05
880,0.0148105879457057,0.0339278393958902,0.0148105879457057
881,0.0050341504839973,0.0045113197264241,0.0045113197264241
882,0.0135747466568598,0.029375516627821,0.0135747466568598
883,0.0021842761199184,0.0027335840771927,0.0021842761199184
884,0.0291217201910992,0.0306103559513164,0.0291217201910992
885,0.0006424066985589,0.0010844276839751,0.0006424066985589
886,0.0001833330296826,0.000167770448843,0.000167770448843
887,0.000333811294336,0.0011785664647053,0.000333811294336
888,0.0002726571590814,0.0006379554290026,0.0002726571590814
889,0.0003820880091049,0.001017996899494,0.0003820880091049
890,0.0014821821191251,0.0023260617562951,0.0014821821191251
891,0.0001808040250022,0.0003757960647861,0.0001808040250022
892,0.0003207854326515,0.0006118701409077,0.0003207854326515
893,0.0001902036730452,0.0014840353444081,0.0014840353444081
894,0.00052055757932,0.0021715246011532,0.00052055757932
895,0.0002076195054019,0.0006176349336317,0.0002076195054019
896,0.00040111336196,0.0010407965187099,0.00040111336196
897,0.0004961337428721,0.001009810462078,0.0004961337428721
898,0.0001508875127516,0.0004983559625364,0.0001508875127516
899,0.0002527211788308,0.0002102514682368,0.0002527211788308
900,0.0003477028030215,0.0003722218126443,0.0003477028030215
901,0.0001987793984239,0.0002510476184843,0.0002510476184843
902,0.0001881465909776,0.0006586872998989,0.0001881465909776
903,,,
904,0.0001768676152334,0.0007362299485905,0.0001768676152334
905,0.0002522092476407,0.0003387686472631,0.0002522092476407
906,0.0003323075881936,0.0023578519790977,0.0003323075881936
907,0.0001343841563791,0.0006564767862269,0.0001343841563791
908,0.0003598787986294,0.0004635056254344,0.0003598787986294
909,7.413940092576878e-05,0.0070130347119047,7.413940092576878e-05
910,0.0011139916098458,0.0335028623664123,0.0011139916098458
911,3.5995198854096814e-05,0.0002781885804149,3.5995198854096814e-05
912,0.0004202341092862,0.5183481956929049,0.0004202341092862
913,0.0002108771689311,0.0001636381034418,0.0002108771689311
914,0.0010805323039274,0.0029896630141844,0.0010805323039274
915,0.0001943237504307,0.0003055329502569,0.0003055329502569
916,6.093002700019702e-05,0.00062375134204,6.093002700019702e-05
917,0.0001691795691438,0.0002983669281102,0.0001691795691438
918,0.0001784785209732,0.0003428990392713,0.0001784785209732
919,9.799799142752946e-05,7.429869360535178e-05,9.799799142752946e-05
920,0.0011680483529313,0.0003500558354009,0.0011680483529313
921,0.0008574659510014,0.0006581632503067,0.0008574659510014
922,0.0007157729959431,0.0098373208130359,0.0007157729959431
923,0.0045779082639849,0.0053114170058256,0.0045779082639849
924,0.0009564921216435,0.0011759805379769,0.0011759805379769
925,0.0013630500926939,0.0016628005358956,0.0013630500926939
926,0.0023832615549664,0.0037787106581089,0.0023832615549664
927,0.0009027667519352,0.0021018487731879,0.0009027667519352
928,0.0013712675183957,0.0016768495547254,0.0013712675183957
929,0.0009088071502778,0.0017180862689181,0.0009088071502778
930,0.00033006844617,0.0004412244951487,0.00033006844617
931,0.003220091301842,0.0046103935277635,0.003220091301842
932,0.0002937310437713,0.0003713714700372,0.0002937310437713
933,0.0003639110630605,0.0008347143722725,0.0003639110630605
934,0.0115923797228185,0.0126213951693353,0.0115923797228185
935,0.006131777027856,0.0063710047690319,0.006131777027856
936,0.0027579343001033,0.0027982832325072,0.0027579343001033
937,0.0206663965207606,0.0293154157255208,0.0206663965207606
938,0.0077872740080809,0.01523246048738,0.0077872740080809
939,0.0010777972242886,0.0017928377368414,0.0010777972242886
940,0.01157447836199,0.0119321816530108,0.01157447836199
941,0.014841177387149738,0.014889207787406343,0.014841177387149738
942,0.0065943393522339,0.0100398528658119,0.0065943393522339
943,0.0110929190560239,0.0161455049325413,0.0110929190560239
944,0.0045747122737103,0.0047040542322494,0.0045747122737103
945,0.0069805851120283,0.0074185696741316,0.0074185696741316
946,0.0115035341016865,0.0117974108343149,0.0117974108343149
947,0.0035737542671069,0.0035960766414324,0.0035737542671069
948,0.015850140442722,0.0167192681970044,0.015850140442722
949,0.0028610306869465,0.0013054461087583,0.0028610306869465
950,0.0056310154123658,0.0058197372176667,0.0056310154123658
951,0.0119437110435899,0.0128625422680662,0.0119437110435899
952,0.0042782622910735,0.0035168628329857,0.0035168628329857
953,0.0345628505973014,0.0339244432852141,0.0339244432852141
954,0.0146943129839101,0.0202669585627451,0.0146943129839101
955,0.0420459795188035,0.0372421479147671,0.0372421479147671
956,0.0002112890703427,0.0007927731926752,0.0002112890703427
957,0.0001425689841924,0.0002860397030937,0.0001425689841924
958,0.0002116925053053,0.0009706745266896,0.0002116925053053
959,0.0031102621450265,0.0030074304398674,0.0031102621450265
960,0.0005079825115982,0.0096468644051355,0.0005079825115982
961,0.0007643155616136,0.0040003097274561,0.0007643155616136
962,0.0006318040320312,0.0011776190029938,0.0006318040320312
963,0.0010092242009136,0.0020953557254151,0.0010092242009136
964,0.000520624841905,0.0010145535384254,0.000520624841905
965,0.000203704123863,0.001304422844254,0.000203704123863
966,0.0003860610946929,0.0005119260283626,0.0003860610946929
967,0.0003997770471828,0.0014680066630454,0.0003997770471828
968,0.0063266734700501,0.0164346221288244,0.0164346221288244
969,0.0005391005580629,0.0008754661399171,0.0005391005580629
970,0.0002238318242558,0.0010568763764974,0.0002238318242558
971,0.0007760439484896,0.001577313750491,0.0007760439484896
972,0.0015117191898921,0.0037695772209425,0.0015117191898921
973,0.0010663326169233,0.0033826976313594,0.0010663326169233
974,0.0003398483512516,0.0114587136973928,0.0003398483512516
975,0.0016616023067195,0.0032934826074821,0.0016616023067195
976,0.0001922571180582,0.0010503364780433,0.0001922571180582
977,0.0001932110714862,0.000376585372965,0.0001932110714862
978,0.0008720291599021,0.0014991158566991,0.0008720291599021
979,0.0008650348032696,0.0024142602706904,0.0008650348032696
980,0.001668891034835,0.0015833040537453,0.0015833040537453
981,0.0046785932656641,0.0050735696326022,0.0046785932656641
982,0.0025313425832369,0.0025705571749725,0.0025313425832369
983,0.0035997076851197,0.0036200465081967,0.0036200465081967
984,0.0142681992786999,0.0133143141467373,0.0133143141467373
985,0.0010614258505954,0.0011020298775805,0.0010614258505954
986,0.0050747468338401,0.0049873754164381,0.0050747468338401
987,0.0049064476172602,0.0071934479935792,0.0049064476172602
988,0.0058088353883001,0.0062000801008046,0.0058088353883001
989,0.0018676110704588,0.0023154235967283,0.0018676110704588
990,0.0023022629444214,0.0031770921975683,0.0023022629444214
991,0.0068809229737645,0.007725050311379,0.0068809229737645
992,0.0033188793939003,0.0036849797556097,0.0033188793939003
993,0.0201137054117656,0.0151839452772467,0.0201137054117656
994,0.0031124575108589,0.0034267467794829,0.0031124575108589
995,0.0002616221333967,6.5407961432405e-05,0.0002616221333967
996,0.0003819482591325,0.0005509129113553,0.0003819482591325
997,2.5473986576295585e-05,0.0392967025494831,2.5473986576295585e-05
998,0.0073159421003808,0.0103449964222537,0.0073159421003808
999,0.0177944567940603,0.0175362409026953,0.0177944567940603
